timestamp,bmp_temp_c,dht_temp_c,avg_temp_c,humidity_pct,pressure_hpa,is_raining,rain_analog,battery_v
2026-09-28 11:54:29,30.14,0.00,15.07,0.00,952.99,1,0,0.90
2026-09-28 11:59:30,30.01,0.00,15.01,0.00,952.96,1,0,0.00
2026-09-28 12:04:32,29.84,0.00,14.92,0.00,952.88,1,0,0.00
2026-09-28 12:09:33,29.73,0.00,14.86,0.00,952.85,1,0,0.00
2026-09-28 12:14:41,29.68,0.00,14.84,0.00,952.84,1,0,0.00
2026-09-28 12:17:26,29.73,0.00,14.86,0.00,1009.63,1,0,0.90
2026-09-28 12:22:28,29.89,0.00,14.94,0.00,1009.57,1,0,0.00
2026-09-28 12:43:55,30.32,29.00,29.66,61.70,1009.27,1,4095,1.37
2026-09-28 12:47:03,30.03,29.00,29.51,63.70,1009.18,1,2880,1.23
boot_22,30.02,28.50,29.26,64.50,1009.15,1,4095,1.37
2026-09-28 12:53:32,29.99,28.60,29.30,65.80,1009.15,1,4095,1.36
2026-09-28 12:54:29,29.94,28.60,29.27,65.00,1009.16,1,4095,1.35
2026-09-28 12:55:34,29.95,28.50,29.23,64.80,1009.10,1,4095,1.30
2026-09-28 12:56:25,30.00,28.50,29.25,64.80,1009.11,1,4095,1.34
2026-09-28 12:58:53,30.18,28.20,29.19,63.50,1009.07,0,4095,1.42
boot_22,30.30,28.40,29.35,66.10,1009.09,0,4095,1.43
2026-09-28 13:00:21,30.33,28.60,29.47,67.00,1009.06,0,2208,1.16
2026-09-28 13:01:07,30.39,28.50,29.44,64.80,1009.06,0,1851,1.13
2026-09-28 13:01:47,30.42,28.50,29.46,64.60,1009.07,0,1804,1.14
2026-09-28 13:02:24,30.40,28.60,29.50,69.40,1009.03,1,1729,1.07
2026-09-28 13:03:14,30.46,28.60,29.53,64.70,1009.02,0,4095,1.37
2026-09-28 13:03:53,30.44,28.60,29.52,64.10,1009.01,1,1968,1.09
2026-09-28 13:06:40,30.40,28.50,29.45,64.40,1008.96,0,4095,1.40
2026-09-28 13:07:31,30.43,28.50,29.47,64.20,1008.98,0,4095,1.53
2026-09-28 13:10:16,29.78,28.20,28.99,64.30,1008.93,0,4095,2.00
2026-09-28 13:15:23,29.45,28.40,28.92,66.40,1008.99,0,4095,0.28
2026-09-28 13:20:23,29.44,28.30,28.87,65.20,1008.90,1,2160,0.07
2026-09-28 13:25:23,29.46,28.20,28.83,65.50,1008.85,1,2038,0.05
2026-09-28 13:30:24,29.49,28.30,28.90,65.30,1008.76,0,4095,0.29
2026-09-28 13:35:24,29.51,28.10,28.81,66.10,1008.71,0,4095,0.34
2026-09-28 13:40:24,29.58,28.20,28.89,65.90,1008.69,0,4095,0.35
2026-09-28 13:43:17,29.70,28.20,28.95,69.80,1008.66,0,4095,1.75
2026-09-28 13:48:23,29.61,28.50,29.06,68.20,1008.59,0,4095,0.33
2026-09-28 13:53:23,29.62,28.30,28.96,65.80,1008.51,0,4095,0.29
2026-09-28 13:58:24,29.64,28.30,28.97,65.70,1008.45,0,4095,0.41
2026-09-28 14:03:24,29.65,28.40,29.02,65.60,1008.34,0,4095,0.41
2026-09-28 14:08:24,29.66,28.40,29.03,65.10,1008.30,0,4095,0.29
2026-09-28 14:13:24,29.68,28.40,29.04,65.30,1008.28,0,4095,0.28
2026-09-28 14:18:24,29.71,28.40,29.06,65.00,1008.19,0,4095,0.34
